{"train/loss": 0.3176, "train/learning_rate": 1.7927652585644168e-06, "train/epoch": 15.0, "train/global_step": 7485, "_timestamp": 1725431749.3773835, "_runtime": 1768.8671984672546, "_step": 30, "eval/loss": 0.5869282484054565, "eval/rouge-1": 0.3807005663243295, "eval/rouge-2": 0.1413753006974044, "eval/rouge-l": 0.3653356875175487, "eval/runtime": 9.3401, "eval/samples_per_second": 53.425, "eval/steps_per_second": 1.713, "train/train_runtime": 1765.1388, "train/train_samples_per_second": 141.145, "train/train_steps_per_second": 5.654, "train/total_flos": 5.69661529522176e+16, "train/train_loss": 0.6978974326419767, "_wandb": {"runtime": 1771}}