{"train/loss": 0.3533, "train/learning_rate": 5.008744130071861e-06, "train/epoch": 11.0, "train/global_step": 5489, "_timestamp": 1725435610.7397237, "_runtime": 1296.7558467388153, "_step": 22, "eval/loss": 0.5754147171974182, "eval/rouge-1": 0.3795442280116929, "eval/rouge-2": 0.1389044169482755, "eval/rouge-l": 0.36287353553256113, "eval/runtime": 9.2929, "eval/samples_per_second": 53.697, "eval/steps_per_second": 1.722, "train/train_runtime": 1292.5241, "train/train_samples_per_second": 192.693, "train/train_steps_per_second": 7.721, "train/total_flos": 4.176176462954496e+16, "train/train_loss": 0.8285769481523416, "_wandb": {"runtime": 1299}}