{"train/loss": 0.3951, "train/learning_rate": 5.877349717466341e-06, "train/epoch": 10.0, "train/global_step": 5660, "_timestamp": 1725440171.255482, "_runtime": 1328.2431769371033, "_step": 20, "eval/loss": 0.571552038192749, "eval/rouge-1": 0.3830508395165282, "eval/rouge-2": 0.14626633462718255, "eval/rouge-l": 0.36780122594201503, "eval/runtime": 9.3953, "eval/samples_per_second": 53.112, "eval/steps_per_second": 1.703, "train/train_runtime": 1324.3394, "train/train_samples_per_second": 213.586, "train/train_steps_per_second": 8.548, "train/total_flos": 4.31175136444416e+16, "train/train_loss": 0.883120695188273, "_wandb": {"runtime": 1329}}