{"train/loss": 0.4018, "train/learning_rate": 7.509081659383417e-06, "train/epoch": 8.0, "train/global_step": 3992, "_timestamp": 1725427803.3624132, "_runtime": 1000.1070821285248, "_step": 16, "eval/loss": 0.5626620650291443, "eval/rouge-1": 0.382131483876784, "eval/rouge-2": 0.14179385507868378, "eval/rouge-l": 0.3650256874324714, "eval/runtime": 9.1487, "eval/samples_per_second": 54.544, "eval/steps_per_second": 1.749, "train/train_runtime": 939.1709, "train/train_samples_per_second": 265.277, "train/train_steps_per_second": 10.626, "train/total_flos": 3.038194824118272e+16, "train/train_loss": 1.008568926182443, "_wandb": {"runtime": 972}}