{"train/loss": 0.3934, "train/learning_rate": 5.874313773248206e-06, "train/epoch": 10.0, "train/global_step": 5660, "_timestamp": 1725438626.7077053, "_runtime": 1329.3001902103424, "_step": 20, "eval/loss": 0.5720211267471313, "eval/rouge-1": 0.38195926297464966, "eval/rouge-2": 0.14216576295310296, "eval/rouge-l": 0.3651006509728152, "eval/runtime": 9.1838, "eval/samples_per_second": 54.335, "eval/steps_per_second": 1.742, "train/train_runtime": 1325.414, "train/train_samples_per_second": 213.413, "train/train_steps_per_second": 8.541, "train/total_flos": 4.31175136444416e+16, "train/train_loss": 0.8669593298814322, "_wandb": {"runtime": 1330}}