{"train/loss": 0.3537, "train/learning_rate": 5.008744130071861e-06, "train/epoch": 11.0, "train/global_step": 5489, "_timestamp": 1725434129.140568, "_runtime": 1299.5485470294952, "_step": 22, "eval/loss": 0.574493944644928, "eval/rouge-1": 0.38362281647349417, "eval/rouge-2": 0.1476618007419327, "eval/rouge-l": 0.3682024769099061, "eval/runtime": 9.8881, "eval/samples_per_second": 50.465, "eval/steps_per_second": 1.618, "train/train_runtime": 1295.3337, "train/train_samples_per_second": 192.275, "train/train_steps_per_second": 7.705, "train/total_flos": 4.176176462954496e+16, "train/train_loss": 0.8306450213993327, "_wandb": {"runtime": 1301}}